Source,Score_Type,Difference,CI_Low,CI_High,n_female,n_male
Claude Response + Claude Rating,Affective Empathy,0.08974358974358987,-0.0769230769230771,0.2564102564102566,78,78
Claude Response + Claude Rating,Cognitive Empathy,0.012820512820512775,-0.10256410256410264,0.1282051282051282,78,78
Claude Response + GPT Rating,Affective Empathy,0.0512820512820511,-0.10256410256410264,0.2051282051282053,78,78
Claude Response + GPT Rating,Cognitive Empathy,0.10256410256410264,-0.012820512820512775,0.21794871794871806,78,78
GPT Response + Claude Rating,Affective Empathy,0.012820512820512775,-0.1541666666666667,0.17948717948717974,78,78
GPT Response + Claude Rating,Cognitive Empathy,-0.02564102564102555,-0.16666666666666652,0.11538461538461497,78,78
GPT Response + GPT Rating,Affective Empathy,0.0,-0.14102564102564097,0.14134615384614957,78,78
GPT Response + GPT Rating,Cognitive Empathy,0.06410256410256387,-0.038461538461538325,0.16666666666666696,78,78
