,gender_aff_p,gender_aff_d,gender_cog_p,gender_cog_d,age_anova_p,age_u_shape_p,ethnicity_anova_p,edu_hs_vs_med_p,diagnosis_anova_p
Claude→GPT,0.5265486720055252,0.10163757858468006,0.08671037669495449,0.27606463985696794,0.0002987479442289234,0.001364285115631587,0.3755611744619589,1.4520675227642143e-07,3.034526421845105e-08
Claude→Claude,0.6604408900400291,0.07048145220284108,0.8251917708302507,-0.03542816819014128,0.3708354063210323,0.7689955959991608,0.5142555104104546,2.5246012351112302e-05,3.903972283696077e-08
GPT→GPT,1.0,0.0,0.2436016776248973,0.18743250146186483,0.0019383083217104917,0.0005532143965101847,0.6864605327461439,0.0008558055215115787,8.38659269798995e-12
GPT→Claude,0.8824310880516752,0.02372036540758856,0.45884599243668056,-0.11891358325225296,0.12981774097244594,0.05380446735955253,0.06828284488341807,0.4515710658819305,0.015644903953722245
