Source,gender,Affective Empathy Score_mean,Affective Empathy Score_std,Affective Empathy Score_count,Cognitive Understanding Score_mean,Cognitive Understanding Score_std,Cognitive Understanding Score_count
Claude Response + Claude Rating,female,2.128205128205128,0.5665794922271024,78,2.871794871794872,0.3730873077365928,78
Claude Response + Claude Rating,male,2.0384615384615383,0.520796285728663,78,2.858974358974359,0.35030076036260993,78
Claude Response + GPT Rating,female,2.371794871794872,0.5124165908426098,78,2.8846153846153846,0.3215534223058486,78
Claude Response + GPT Rating,male,2.3205128205128207,0.4965750160718384,78,2.782051282051282,0.4155245752788548,78
GPT Response + Claude Rating,female,2.3461538461538463,0.5542497696822319,78,2.7435897435897436,0.4394771815921655,78
GPT Response + Claude Rating,male,2.3333333333333335,0.5263613559678152,78,2.769230769230769,0.4240520956441317,78
GPT Response + GPT Rating,female,2.6794871794871793,0.469694284202736,78,2.8974358974358974,0.3053524082762296,78
GPT Response + GPT Rating,male,2.6794871794871793,0.46969428420273607,78,2.8333333333333335,0.37509017674772643,78
