gpt_self_bias,gpt_self_bias_p,gpt_self_bias_dz,claude_self_bias,claude_self_bias_p,claude_self_bias_dz,gpt_levene_p,claude_levene_p,cross_spearman_rho,cross_spearman_p,levene_p_gpt,levene_p_claude
0.3333333333333333,1.55482900541332e-11,0.583019965954644,-0.2564102564102564,2.938656672537543e-05,-0.344746932978114,0.3426836459742537,0.05825055888163182,-0.02028869511818512,0.8015098310447868,0.3426836459742537,0.05825055888163182
