gpt_self_bias,gpt_self_bias_p,gpt_self_bias_d,claude_self_bias,claude_self_bias_p,claude_self_bias_d,gpt_self_variance,gpt_other_variance,gpt_variance_ratio,claude_self_variance,claude_other_variance,claude_variance_ratio,gpt_gender_bias_variance,gpt_ethnicity_bias_variance,gpt_education_bias_variance,gpt_diagnosis_bias_variance,claude_gender_bias_variance,claude_ethnicity_bias_variance,claude_education_bias_variance,claude_diagnosis_bias_variance
0.33333333333333304,4.0577237775163156e-09,0.6855841735111562,-0.2564102564102564,3.769125425299311e-05,-0.4734888959173027,0.21918941273779985,0.25359801488833744,0.8643183300717548,0.29623655913978497,0.2902812241521919,1.0205157429833311,0.0006574621959237298,0.0042735042735042765,0.00805941358024694,0.008813175154320986,0.00016436554898093244,0.01610782380013152,0.02949074074074073,0.04261610243055555
